CALENDAR_YEAR,YEAR_LEVEL,DOMAIN,STATE,SUBGROUP,ENROLLED_STUDENTS,MEAN,MEAN_CI,MEAN_SD,NMS,NMS_CI,GAIN,GAIN_CI,EXEMPT,ABSENT,ASSESSED,WITHDRAWN,NONATTEMPT,PARTICIPATION_RATE,PARTICIPATION_NUMBER,NOT_STATED,AVERAGE_AGE,YEARS_OF_SCHOOLING,BANDCOL1,BANDCOL2,BANDCOL3,BANDCOL4,BANDCOL5,BANDCOL6,PCTL05,PCTL20,PCTL80,PCTL95,TREND,TREND_VALUE,NOD_MEAN_PREV,NOD_NMS_PREV,NOD_MEAN_BASE,NOD_NMS_BASE
2008,3,Grammar and Punctuation,AUS,All,271720,403.2,1.3,87.5,91.7,0.3,,,1.7,2.9,95,0.5,,96.6,262612,,8yrs 7mths,3yrs 4mths,6.5,10.6,17.3,23.4,21.3,19.2,257.4,331.2,476.9,539,Dome shaped,407.5,,,,
2008,3,Numeracy,AUS,All,271720,396.9,1,70.4,95,0.2,,,1.7,3.3,95,0.4,,96.3,261597,,8yrs 7mths,3yrs 4mths,3.3,10.8,23,27.9,21.1,12.4,282.6,337.4,456.5,512,Flat,395.2,,,,
2008,3,Reading,AUS,All,271720,400.5,1.2,84.5,92.1,0.3,,,1.7,3,95,0.5,,96.6,262372,,8yrs 7mths,3yrs 4mths,6.1,12,17.7,23,21.8,17.7,262.4,326.9,472.4,532,Increasing,407.1,,,,
2008,3,Spelling,AUS,All,271720,399.5,1.1,79.8,92.5,0.3,,,1.7,2.9,95,0.5,,96.6,262612,,8yrs 7mths,3yrs 4mths,5.8,10.1,19,25.9,21.9,15.6,263.1,334.9,466.1,523.4,Increasing,402.2,,,,
2008,5,Grammar and Punctuation,AUS,All,271423,496.2,1.1,80.6,91.9,0.3,,,1.5,2.7,95,0.3,,96.9,263126,,10yrs 6mths,5yrs 1mth,6.5,11,21.3,26.4,19.9,13.4,360,432.9,562.3,622.8,Flat,498.2,,,,
2008,5,Numeracy,AUS,All,271423,475.9,1.1,68.8,92.7,0.2,,,1.5,3.1,95,0.3,,96.6,262268,,10yrs 6mths,5yrs 1mth,5.9,17.4,28.9,25.7,14,6.6,369.1,418.3,532.3,593.8,Increasing,484.1,,,,
2008,5,Reading,AUS,All,271423,484.4,1.1,76.5,91,0.3,,,1.5,2.8,95,0.3,,96.8,262872,,10yrs 6mths,5yrs 1mth,7.5,13.5,23.9,26.1,18.1,9.3,355.9,422.5,548.4,605.8,Increasing,487.2,,,,
2008,5,Spelling,AUS,All,271423,483.8,0.9,72.7,91.7,0.2,,,1.5,2.7,95,0.3,,96.9,263126,,10yrs 6mths,5yrs 1mth,6.7,12.8,24.9,28.2,18.2,7.6,360.7,426.4,543.6,596.9,Increasing,485.1,,,,
2008,7,Grammar and Punctuation,AUS,All,275973,529,1.5,72.7,91.6,0.3,,,1.2,3.4,95,0.2,,96.4,266083,,12yrs 6mths,7yrs 1mth,7.2,15.4,27.4,26.3,15.5,7,410.8,471.1,588.7,646.6,Flat,537,,,,
2008,7,Numeracy,AUS,All,275973,545,1.6,73.2,95.4,0.2,,,1.2,3.7,95,0.2,,96.1,265275,,12yrs 6mths,7yrs 1mth,3.4,14.6,25.8,26,17.2,11.7,435.4,482.1,606.2,672.6,Flat,542.9,,,,
2008,7,Reading,AUS,All,275973,536.5,1.4,68.2,94.2,0.3,,,1.2,3.5,95,0.2,,96.3,265627,,12yrs 6mths,7yrs 1mth,4.6,14.1,27.6,27.8,16.9,7.7,428.5,480.3,594,649.8,Flat,541,,,,
2008,7,Spelling,AUS,All,275973,538.7,1.2,71.9,92.5,0.3,,,1.2,3.4,95,0.2,,96.4,266083,,12yrs 6mths,7yrs 1mth,6.3,11.9,24.5,29.1,18.8,8.1,415.3,482.3,597.5,651.3,Increasing,540.8,,,,
2008,9,Grammar and Punctuation,AUS,All,280920,569.1,1.7,70.4,89.9,0.4,,,1.2,6,93,0.2,,93.7,263297,,14yrs 5mths,9yrs 0mths,9,19.5,28.5,24.4,12.7,4.7,457,511.3,627.7,684.9,Flat,572.7,,,,
2008,9,Numeracy,AUS,All,280920,582.2,1.8,70.2,93.6,0.3,,,1.1,6.4,92,0.3,,93.3,262122,,14yrs 5mths,9yrs 0mths,5.2,18,28.3,25.2,14.4,7.7,476.6,522.2,640.5,703.9,Flat,584.9,,,,
2008,9,Reading,AUS,All,280920,578,1.5,67,92.9,0.4,,,1.2,6.3,92,0.3,,93.5,262549,,14yrs 5mths,9yrs 0mths,5.9,17.6,29.1,26.2,14.5,5.5,472.4,521.5,634.5,689.5,Flat,578.2,,,,
2008,9,Spelling,AUS,All,280920,576.9,1.4,72.9,89.8,0.4,,,1.2,6,93,0.2,,93.7,263297,,14yrs 5mths,9yrs 0mths,9.1,15.3,26.2,26.9,15.6,5.7,451.7,517.8,637.5,690.7,Dome shaped,575.7,,,,
2009,3,Grammar and Punctuation,AUS,All,270278,419.7,1.3,91.5,92.4,0.3,,,1.9,3.5,94.6,1,,96.5,260885,,8yrs 6mths,3yrs 1mth,5.7,9,14,21.4,22.5,25.5,263.6,343.8,494.8,565.9,Dome shaped,412.6,Above,Close to,,
2009,3,Numeracy,AUS,All,270278,393.9,1,72.9,94,0.2,,,1.8,4,94.2,1,,96,259393,,8yrs 6mths,3yrs 1mth,4.2,11.8,22.7,26.9,20.2,12.3,274.7,332.3,455.6,514.6,Flat,396,Close to,Close to,,
2009,3,Reading,AUS,All,270278,410.8,1.2,86.2,93.7,0.3,,,1.9,3.6,94.5,1,,96.4,260538,,8yrs 6mths,3yrs 1mth,4.4,11.2,18.1,22.7,20,21.8,273.7,335.7,484.8,554.2,Increasing,409.5,Above,Above,,
2009,3,Spelling,AUS,All,270278,404.8,1.2,84.5,92.2,0.3,,,1.9,3.5,94.6,1,,96.5,260885,,8yrs 6mths,3yrs 1mth,5.9,9.5,18.7,25.1,20.2,18.7,261.8,337,475.1,542.9,Increasing,403.7,Close to,Close to,,
2009,5,Grammar and Punctuation,AUS,All,273610,499.7,1.1,80.3,92,0.3,,,1.7,3.1,95.2,0.6,,96.9,265171,,10yrs 6mths,5yrs 1mth,6.3,10.8,19.8,25.9,21.1,14.4,362.5,434.8,566.6,626,Flat,498.5,Close to,Close to,,
2009,5,Numeracy,AUS,All,273610,486.8,1,67.8,94.2,0.2,,,1.7,3.6,94.7,0.6,,96.4,263744,,10yrs 6mths,5yrs 1mth,4.2,13.7,27.4,28.3,16.5,8.2,379,429.9,542.5,602.2,Increasing,484.9,Above,Above,,
2009,5,Reading,AUS,All,273610,493.9,1.1,78.1,91.7,0.3,,,1.7,3.2,95.1,0.6,,96.8,264889,,10yrs 6mths,5yrs 1mth,6.6,12.9,20.7,25.1,20.6,12.5,362.9,426.6,560.6,617.7,Increasing,489,Above,Close to,,
2009,5,Spelling,AUS,All,273610,487.2,1,73.5,92.4,0.2,,,1.7,3.1,95.2,0.6,,96.9,265171,,10yrs 6mths,5yrs 1mth,5.9,13,25.8,26.4,17.6,9.6,366.8,427.8,548.3,607.8,Increasing,486.6,Close to,Close to,,
2009,7,Grammar and Punctuation,AUS,All,264338,539.5,1.5,75.1,92.1,0.3,,,1.2,3.5,95.3,0.5,,96.5,255116,,12yrs 6mths,7yrs 0mths,6.7,13,23.7,27.6,17.9,9.8,413.3,478.4,601.3,661.3,Flat,537.2,Close to,Close to,,
2009,7,Numeracy,AUS,All,264338,543.6,1.6,71,94.8,0.2,,,1.2,4,94.8,0.5,,96,253661,,12yrs 6mths,7yrs 0mths,3.9,13.5,25.7,27.9,17.4,10.3,432.4,483.4,601.4,666,Flat,543.5,Close to,Close to,,
2009,7,Reading,AUS,All,264338,541.1,1.4,68.6,94,0.3,,,1.2,3.7,95.1,0.5,,96.3,254630,,12yrs 6mths,7yrs 0mths,4.8,13.2,24.5,28.6,19,8.6,427,482.8,599.4,653,Flat,541.2,Close to,Close to,,
2009,7,Spelling,AUS,All,264338,540,1.3,72.5,92.9,0.3,,,1.2,3.5,95.3,0.5,,96.5,255116,,12yrs 6mths,7yrs 0mths,5.9,12.5,24.8,28.6,17.8,9.3,418.8,482,599.2,658.4,Increasing,541.4,Close to,Close to,,
2009,9,Grammar and Punctuation,AUS,All,282344,573.5,1.6,69.2,90.4,0.4,,,1.3,5.9,92.8,0.5,,94.1,265803,,14yrs 5mths,9yrs 0mths,8.3,17.4,28,26,14.1,4.8,458.6,516.2,631.9,685.2,Flat,572.7,Close to,Close to,,
2009,9,Numeracy,AUS,All,282344,589.1,1.7,67,95,0.3,,,1.3,6.7,92,0.5,,93.3,263303,,14yrs 5mths,9yrs 0mths,3.7,14.8,28.3,28.1,16.2,7.6,485.4,532.6,644.2,703.1,Flat,585.3,Close to,Above,,
2009,9,Reading,AUS,All,282344,580.5,1.5,66.3,92.2,0.4,,,1.3,6.3,92.4,0.5,,93.7,264589,,14yrs 5mths,9yrs 0mths,6.5,15.5,27,28.6,16.1,5,469.2,524.4,636.7,686.1,Flat,578.3,Close to,Close to,,
2009,9,Spelling,AUS,All,282344,576.3,1.4,73.6,89.7,0.4,,,1.3,5.9,92.8,0.5,,94.1,265803,,14yrs 5mths,9yrs 0mths,9,16.1,26.7,25.8,14.9,6.2,452.3,516.8,637.4,694.7,Dome shaped,577.3,Close to,Close to,,
2010,3,Grammar and Punctuation,AUS,All,251605,416.9,1.2,90.6,92,0.3,,,2.1,2.5,93.6,1.8,,95.7,240758,,8yrs 7mths,3yrs 4mths,5.8,9.2,14.9,21.2,22,24.7,262.4,340.9,493.3,559.3,Dome shaped,417.3,Close to,Close to,Above,Close to
2010,3,Numeracy,AUS,All,251605,395.4,1,71.8,94.3,0.2,,,2.1,3.1,93.2,1.7,,95.3,239657,,8yrs 7mths,3yrs 4mths,3.7,11.4,22.9,27.7,19.8,12.5,279.3,334.6,455.5,516.2,Flat,396.8,Close to,Close to,Close to,Close to
2010,3,Reading,AUS,All,251605,414.3,1.1,83.3,93.9,0.3,,,2.1,2.7,93.4,1.8,,95.5,240349,,8yrs 7mths,3yrs 4mths,4,9.8,16.6,23.2,22.1,22.2,276.7,342.5,485.2,549.7,Increasing,411.9,Close to,Close to,Above,Above
2010,3,Spelling,AUS,All,251605,399.2,1.1,82.6,91,0.3,,,2.1,2.5,93.6,1.8,,95.7,240758,,8yrs 7mths,3yrs 4mths,6.8,10.3,17.7,24.3,22.5,16.2,254.6,330.8,468.5,525.1,Increasing,405.1,Close to,Below,Close to,Below
2010,5,Grammar and Punctuation,AUS,All,276459,499.7,1.2,79.2,92.2,0.3,96.5,16.7,1.8,2.4,94.6,1.2,,96.4,266505,,10yrs 6mths,5yrs 1mth,5.9,10.8,20.1,26.4,20.8,14.1,366.2,435.3,565.7,625.2,Flat,498.8,Close to,Close to,Close to,Close to
2010,5,Numeracy,AUS,All,276459,488.8,1,69.9,93.7,0.2,91.9,8.3,1.8,2.9,94.1,1.2,,95.9,265100,,10yrs 6mths,5yrs 1mth,4.5,13.1,26.4,27.7,17.1,9.3,376.9,430.9,546.3,607.8,Increasing,485.7,Close to,Close to,Above,Close to
2010,5,Reading,AUS,All,276459,487.4,1.1,76.1,91.3,0.3,86.9,7.9,1.8,2.5,94.4,1.2,,96.2,266050,,10yrs 6mths,5yrs 1mth,6.8,14,23.2,25.4,18.4,10.3,362,422.5,552,610.6,Increasing,490.9,Close to,Close to,Close to,Close to
2010,5,Spelling,AUS,All,276459,487.1,1,71.7,92,0.2,87.6,6,1.8,2.4,94.6,1.2,,96.4,266505,,10yrs 6mths,5yrs 1mth,6.2,12.4,23.9,28,19.4,8.2,364.3,428.8,547.6,599,Increasing,488.1,Close to,Close to,Close to,Close to
2010,7,Grammar and Punctuation,AUS,All,275524,535.1,1.4,74,91.6,0.3,38.9,15.6,1.6,2.9,94.5,0.7,,96.3,265414,,12yrs 6mths,7yrs 1mth,6.8,14.3,25.4,26.4,16.9,8.7,413.3,473.6,596.8,656.1,Flat,537.4,Close to,Close to,Close to,Close to
2010,7,Numeracy,AUS,All,275524,547.8,1.6,72.4,95.1,0.2,71.9,5.5,1.5,3.5,94.2,0.8,,95.7,263808,,12yrs 6mths,7yrs 1mth,3.4,12.6,26,26.9,17.6,12,436.5,487.1,607,674.8,Flat,544,Close to,Close to,Close to,Close to
2010,7,Reading,AUS,All,275524,546,1.4,68.4,94.9,0.3,61.6,5.9,1.6,3.2,94.5,0.8,,96.1,264682,,12yrs 6mths,7yrs 1mth,3.6,12.6,24.4,28.5,19.4,10.1,434.9,487.3,604.5,659.8,Flat,541.5,Close to,Close to,Above,Close to
2010,7,Spelling,AUS,All,275524,544.7,1.2,71.7,92.9,0.3,60.9,6.9,1.6,2.9,94.5,0.7,,96.3,265414,,12yrs 6mths,7yrs 1mth,5.5,11.6,22.1,28.6,21.2,9.4,421.4,485.5,604,656.3,Increasing,541.9,Close to,Close to,Close to,Close to
2010,9,Grammar and Punctuation,AUS,All,279836,578.9,1.6,70.4,90.9,0.4,49.9,11.2,1.5,5.6,91.5,0.9,,93.4,261408,,14yrs 5mths,9yrs 0mths,7.6,15.9,26.7,26.9,15.5,5.9,461.5,520.6,637.9,692.5,Flat,572.8,Close to,Close to,Close to,Close to
2010,9,Numeracy,AUS,All,279836,585.1,1.8,70.4,93.1,0.3,40.1,6.3,1.5,6.5,91,1,,92.5,258827,,14yrs 5mths,9yrs 0mths,5.3,15.8,28.3,26.5,14.6,8,475.7,526.2,641.3,707.4,Flat,585.7,Close to,Below,Close to,Close to
2010,9,Reading,AUS,All,279836,573.7,1.5,66.2,90.8,0.4,37.2,6.3,1.6,6.1,91.4,1,,92.9,260046,,14yrs 5mths,9yrs 0mths,7.6,18.1,27.7,26.9,14.1,4.2,464.4,516.8,630.5,680.7,Flat,578.5,Close to,Close to,Close to,Below
2010,9,Spelling,AUS,All,279836,578.5,1.5,74,89.6,0.4,39.8,7.4,1.5,5.6,91.5,0.9,,93.4,261408,,14yrs 5mths,9yrs 0mths,8.9,15.5,26,26.1,15.2,6.7,453.7,517.8,639.8,697.6,Dome shaped,578.6,Close to,Close to,Close to,Close to
2011,3,Grammar and Punctuation,AUS,All,270720,421.2,1.2,91.2,93.1,0.2,,,2,2.5,93.9,1.6,,95.9,259536,,8yrs 7mths,3yrs 4mths,5,8.9,15,21.1,21.6,26.5,268.8,344.5,497.7,567.8,Dome shaped,421.4,Close to,Close to,Above,Above
2011,3,Numeracy,AUS,All,270720,398.1,0.9,70.6,95.6,0.2,,,1.9,3.1,93.5,1.5,,95.4,258313,,8yrs 7mths,3yrs 4mths,2.5,11.5,23.6,27.2,20,13.3,287.7,337,458.3,519,Flat,397.5,Close to,Above,Close to,Close to
2011,3,Reading,AUS,All,270720,415.7,1.2,87.5,93.8,0.2,,,2,2.7,93.7,1.6,,95.7,259059,,8yrs 7mths,3yrs 4mths,4.3,10.4,17.2,21.4,20.5,24.2,275.2,338.4,491.3,558.8,Increasing,414.3,Close to,Close to,Above,Above
2011,3,Spelling,AUS,All,270720,405.9,1.1,81.9,92.8,0.2,,,2,2.5,93.9,1.6,,95.9,259536,,8yrs 7mths,3yrs 4mths,5.3,9.7,17.7,24.8,22.4,18.2,267,338.3,473.7,536,Increasing,406.6,Above,Above,Close to,Close to
2011,3,Writing,AUS,All,270720,415.9,0.9,67.1,95.3,0.2,,,2,2.8,93.6,1.6,,95.6,258797,,8yrs 7mths,3yrs 4mths,2.8,5.1,14.4,29.8,30.4,15.7,297.8,367.9,469.8,512.6,Flat,411.6,,,,
2011,5,Grammar and Punctuation,AUS,All,274392,499.1,1.2,80.5,92,0.3,79.4,11.5,1.8,2.4,94.6,1.1,,96.4,264550,,10yrs 6mths,5yrs 1mth,6.1,11,20.6,25.8,20.3,14.3,364.3,433.6,565.6,628.4,Flat,499,Close to,Close to,Close to,Close to
2011,5,Numeracy,AUS,All,274392,487.8,1.1,68.2,94.4,0.2,93.9,6.4,1.8,3,94.1,1.1,,95.9,263041,,10yrs 6mths,5yrs 1mth,3.9,13.7,27.6,28.2,16.1,8.7,381.2,431.3,542.9,606.3,Increasing,486.6,Close to,Close to,Above,Above
2011,5,Reading,AUS,All,274392,488.1,1.1,76.3,91.5,0.3,77.3,9.2,1.8,2.6,94.4,1.2,,96.2,264093,,10yrs 6mths,5yrs 1mth,6.7,13.7,23.3,25.9,18,10.6,362.8,423.9,552.2,612.7,Increasing,492.7,Close to,Close to,Close to,Close to
2011,5,Spelling,AUS,All,274392,484.1,1,72.9,91.3,0.3,79.3,5.2,1.8,2.4,94.6,1.1,,96.4,264550,,10yrs 6mths,5yrs 1mth,6.8,12.7,24.9,28,17.7,8,359.9,426.2,544.1,599.5,Increasing,489.6,Close to,Close to,Close to,Close to
2011,5,Writing,AUS,All,274392,482.6,1,69.3,92.5,0.3,,,1.8,2.6,94.3,1.2,,96.2,263942,,10yrs 6mths,5yrs 1mth,5.6,11.8,27,31.1,16.3,6.3,367.6,432,536.6,590.6,U-shaped,482.5,,,,
2011,7,Grammar and Punctuation,AUS,All,277221,532.4,1.4,67.5,92.8,0.3,32.7,10,1.6,2.9,94.8,0.7,,96.3,267091,,12yrs 6mths,7yrs 1mth,5.6,14.9,27.3,27.6,16.5,6.5,421.6,475.4,589.7,642.8,Flat,537.6,Close to,Close to,Close to,Close to
2011,7,Numeracy,AUS,All,277221,544.6,1.6,73.7,94.5,0.2,57.8,7.1,1.5,3.6,94.1,0.7,,95.6,265151,,12yrs 6mths,7yrs 1mth,4,14.3,25.5,25.7,17,11.9,432.1,481.4,606.4,673.3,Flat,544.6,Close to,Close to,Close to,Below
2011,7,Reading,AUS,All,277221,540.2,1.3,67.5,94.7,0.3,46.3,7.6,1.6,3.3,94.5,0.7,,96,266180,,12yrs 6mths,7yrs 1mth,3.8,14.7,25.6,27.8,18.1,8.5,432.4,481,598.4,652.7,Flat,541.7,Below,Close to,Close to,Close to
2011,7,Spelling,AUS,All,277221,537.7,1.2,70.2,92.4,0.3,50.5,5.9,1.6,2.9,94.8,0.7,,96.3,267091,,12yrs 6mths,7yrs 1mth,6.1,12.8,24.6,29.2,18.2,7.6,418.3,480.3,595.4,649.4,Increasing,542.5,Below,Close to,Close to,Close to
2011,7,Writing,AUS,All,277221,529.1,1.4,75.8,91.1,0.3,,,1.6,3.1,94.6,0.7,,96.2,266564,,12yrs 6mths,7yrs 1mth,7.3,14.9,28.1,25.5,14.7,7.9,407.5,472.1,589.7,653.3,U-shaped,527.3,,,,
2011,9,Grammar and Punctuation,AUS,All,268391,572.3,1.7,68.7,90,0.4,32.8,9.6,1.5,5.6,92,0.9,,93.5,250837,,14yrs 6mths,9yrs 1mth,8.5,18.1,27.8,25.8,13.6,4.7,458.9,514.2,630.4,684.7,Flat,572.9,Close to,Close to,Close to,Close to
2011,9,Numeracy,AUS,All,268391,583.4,1.9,72.1,93,0.3,39.8,6.9,1.5,6.6,90.9,1,,92.4,247996,,14yrs 6mths,9yrs 1mth,5.5,18.5,27.3,23.8,14.7,8.7,475,520.9,644.4,710,Flat,586.2,Close to,Close to,Close to,Close to
2011,9,Reading,AUS,All,268391,579.5,1.5,66.2,92.4,0.3,38.4,5.8,1.5,6.2,91.4,1,,92.9,249244,,14yrs 6mths,9yrs 1mth,6.1,17.2,27.5,27.1,15.3,5.3,471.9,522,636.4,688.5,Flat,578.6,Above,Above,Close to,Close to
2011,9,Spelling,AUS,All,268391,581.3,1.4,72.6,90.6,0.3,41.3,5.2,1.5,5.6,92,0.9,,93.5,250837,,14yrs 6mths,9yrs 1mth,7.9,15.1,25.8,26.7,16.2,6.8,459.3,521.7,641.7,697.4,Dome shaped,579.8,Close to,Close to,Close to,Close to
2011,9,Writing,AUS,All,268391,565.9,2,86.5,84.8,0.6,,,1.5,5.8,91.7,0.9,,93.3,250299,,14yrs 6mths,9yrs 1mth,13.7,19.1,23.6,20.6,13.4,8.1,425.5,497.1,639.4,706.2,U-shaped,563,,,,
2012,3,Grammar and Punctuation,AUS,All,277763,423.9,1.2,90.9,92.9,0.2,,,2,2.5,93.6,2,,95.5,265306,,8yrs 7mths,3yrs 4mths,5.1,8,14.1,21.1,22.2,27.5,268.4,349.1,499.7,568,Dome shaped,425,Close to,Close to,Above,Close to
2012,3,Numeracy,AUS,All,277763,395.5,1,72.6,93.9,0.2,,,1.9,3.1,93.1,1.9,,95,263879,,8yrs 7mths,3yrs 4mths,4.2,11.3,21.7,27.5,21,12.4,275,333.7,456.4,513.8,Flat,398.3,Close to,Below,Close to,Close to
2012,3,Reading,AUS,All,277763,419.6,1.1,87.9,93.6,0.2,,,2,2.7,93.4,2,,95.3,264818,,8yrs 7mths,3yrs 4mths,4.4,9.4,15.7,21.5,21.5,25.5,274,343.7,494.7,561.4,Increasing,416.7,Close to,Close to,Above,Above
2012,3,Spelling,AUS,All,277763,414.3,1,81.9,94,0.2,,,2,2.5,93.6,2,,95.5,265306,,8yrs 7mths,3yrs 4mths,4,8.9,17.4,23.9,22.3,21.5,277.7,345.5,483.7,547.3,Increasing,408,Above,Above,Above,Above
2012,3,Writing,AUS,All,277763,415.8,0.9,67.1,95.3,0.2,,,2,2.7,93.3,2,,95.2,264564,,8yrs 7mths,3yrs 4mths,2.7,5,13.7,30.1,31.9,14.7,299.1,369.7,468.1,509.6,Flat,412.5,Close to,Close to,,
2012,5,Grammar and Punctuation,AUS,All,255786,491,1.2,82.8,90.5,0.3,74.1,11,2,2.5,94,1.5,,96,245660,,10yrs 7mths,5yrs 4mths,7.4,12.4,22.2,25.3,17.8,12.8,354,425.3,558.7,625.5,Flat,499.3,Close to,Below,Close to,Close to
2012,5,Numeracy,AUS,All,255786,488.7,1,70.9,93.3,0.2,93.3,7.5,2,3,93.6,1.4,,95.5,244364,,10yrs 7mths,5yrs 4mths,4.8,13.4,25.6,27.5,17.2,9.5,374.6,430,547.6,608.1,Increasing,487.4,Close to,Below,Above,Close to
2012,5,Reading,AUS,All,255786,493.6,1.1,77.6,91.6,0.3,79.3,8,2,2.6,93.8,1.5,,95.9,245203,,10yrs 7mths,5yrs 4mths,6.4,11.4,22.3,26.7,19.3,12,362.3,431.9,557.4,618.2,Increasing,494.6,Close to,Close to,Above,Close to
2012,5,Spelling,AUS,All,255786,494.9,1,75.4,92.8,0.3,95.7,6.3,2,2.5,94,1.5,,96,245660,,10yrs 7mths,5yrs 4mths,5.2,11.7,22.5,27.2,19.9,11.5,371.2,433.7,557,615.7,Increasing,491.2,Above,Above,Above,Above
2012,5,Writing,AUS,All,255786,477,1,68.9,92.1,0.3,,,2,2.7,93.8,1.5,,95.8,245096,,10yrs 7mths,5yrs 4mths,5.9,12.6,30,30.2,14,5.3,365.6,428.9,529.2,584.4,U-shaped,478.8,Below,Below,,
2012,7,Grammar and Punctuation,AUS,All,280381,546.2,1.4,67.8,95.1,0.2,46.5,9.9,1.6,3.2,94.2,1,,95.8,268521,,12yrs 6mths,7yrs 2mths,3.3,12.1,24.8,29.2,19.4,9.6,437.1,489.1,602.9,658.6,Flat,537.8,Above,Above,Above,Above
2012,7,Numeracy,AUS,All,280381,538.1,1.6,73.9,93.8,0.3,49.3,6,1.6,3.8,93.5,1,,95.1,266669,,12yrs 6mths,7yrs 2mths,4.6,16.2,27,25.3,15.1,10.2,427.8,475.6,597.8,669.4,Flat,545.1,Below,Close to,Below,Below
2012,7,Reading,AUS,All,280381,541.5,1.3,68.3,94.1,0.2,54.1,7.1,1.6,3.5,93.9,1.1,,95.5,267646,,12yrs 6mths,7yrs 2mths,4.3,13.4,24.8,28.3,19.1,8.5,430.1,482.9,599.7,653,Flat,542,Close to,Close to,Close to,Close to
2012,7,Spelling,AUS,All,280381,543.4,1.2,70.9,93.2,0.3,56.3,5.5,1.6,3.2,94.2,1,,95.8,268521,,12yrs 6mths,7yrs 2mths,5.3,11.4,23.7,29.5,19.4,9.2,423.5,486.7,601.6,655.7,Increasing,543.1,Above,Above,Close to,Close to
2012,7,Writing,AUS,All,280381,518.3,1.4,74.9,89.9,0.4,,,1.6,3.4,94,1,,95.6,267981,,12yrs 6mths,7yrs 2mths,8.5,18.5,29.4,23.7,12.6,5.7,401.5,462.9,578.3,639.6,U-shaped,521.4,Below,Below,,
2012,9,Grammar and Punctuation,AUS,All,279121,573.2,1.6,69.8,90.2,0.4,38.1,8.5,1.6,6,91.1,1.3,,92.7,258623,,14yrs 6mths,9yrs 2mths,8.2,18.5,28.1,24.7,13.3,5.6,461.1,513.9,631.9,690.9,Flat,573,Close to,Close to,Close to,Close to
2012,9,Numeracy,AUS,All,279121,584.2,1.9,72.4,93.7,0.3,36.4,5.3,1.6,7.1,90,1.4,,91.5,255403,,14yrs 6mths,9yrs 2mths,4.7,18.5,28.5,24,13.8,9,478.9,522.5,642.8,714.9,Flat,586.6,Close to,Close to,Close to,Close to
2012,9,Reading,AUS,All,279121,574.8,1.5,66.8,91.4,0.4,28.8,5.9,1.6,6.6,90.5,1.4,,92.1,257003,,14yrs 6mths,9yrs 2mths,7,17.8,28.8,26.4,13.5,4.9,466.6,518.2,631.1,685.4,Flat,578.8,Close to,Close to,Close to,Close to
2012,9,Spelling,AUS,All,279121,577,1.4,72.5,89.6,0.4,32.3,4.7,1.6,6,91.1,1.3,,92.7,258623,,14yrs 6mths,9yrs 2mths,8.8,16,26,26.4,15.4,5.9,454.7,516.8,637.7,692,Dome shaped,580.7,Close to,Below,Close to,Close to
2012,9,Writing,AUS,All,279121,553.7,2,85.8,81.7,0.6,,,1.6,6.3,90.8,1.3,,92.4,257864,,14yrs 6mths,9yrs 2mths,16.8,21.4,23.9,19.5,11.1,5.7,418.4,486.3,624.5,692.5,U-shaped,557.9,Below,Below,,
2013,3,Grammar and Punctuation,AUS,All,282034,428.2,1.1,82.1,95.3,0.2,,,1.9,2.3,93.5,2.3,,95.4,268958,,8yrs 7mths,3yrs 4mths,2.8,7.2,14.6,22.4,24.1,27,291.1,359.7,497,560.8,Dome shaped,428.1,Close to,Above,Above,Above
2013,3,Numeracy,AUS,All,282034,396.9,0.9,65.8,95.7,0.2,,,1.9,2.9,93,2.2,,94.9,267593,,8yrs 7mths,3yrs 4mths,2.4,10,23.6,30.2,21.1,10.8,289.5,341.7,451.6,507.1,Flat,399.1,Close to,Above,Close to,Close to
2013,3,Reading,AUS,All,282034,419.1,1.1,80.6,95.3,0.2,,,1.9,2.5,93.3,2.3,,95.2,268482,,8yrs 7mths,3yrs 4mths,2.8,8.6,17.5,23.4,22.5,23.3,288.5,349.9,488,551.4,Increasing,419.1,Close to,Close to,Above,Above
2013,3,Spelling,AUS,All,282034,410.8,1,79.5,93.8,0.2,,,1.9,2.3,93.5,2.3,,95.4,268958,,8yrs 7mths,3yrs 4mths,4.3,9.1,17.1,25,23.1,19.5,275.3,344.8,477.3,537.4,Increasing,409.5,Close to,Close to,Close to,Close to
2013,3,Writing,AUS,All,282034,415.6,1,70.5,95,0.2,,,1.9,2.6,93.2,2.3,,95.1,268162,,8yrs 7mths,3yrs 4mths,3.1,5.2,14.3,28.8,30.1,16.6,293.1,366.7,472,514,Flat,413.4,Close to,Close to,Close to,Close to
2013,5,Grammar and Punctuation,AUS,All,275824,500.6,1,69.4,94.8,0.2,79.4,12.4,1.9,2.3,94,1.8,,95.9,264642,,10yrs 7mths,5yrs 4mths,3.3,10.4,22.7,28.7,21.3,11.8,387,442.6,559.1,613.9,Flat,499.6,Close to,Above,Close to,Above
2013,5,Numeracy,AUS,All,275824,485.8,1.1,71.5,93.4,0.2,87.7,6.6,1.9,2.9,93.5,1.7,,95.4,263006,,10yrs 7mths,5yrs 4mths,4.8,15.4,26.2,26.6,15.9,9.2,374.9,425.1,544.5,609.2,Increasing,488.2,Close to,Close to,Close to,Close to
2013,5,Reading,AUS,All,275824,502.3,0.9,64.7,96.1,0.2,86.6,8,1.9,2.4,93.9,1.8,,95.8,264204,,10yrs 7mths,5yrs 4mths,2,9.7,23.5,30.2,21.9,10.9,397.7,446.9,557.5,609.5,Increasing,496.4,Close to,Above,Above,Significantly above
2013,5,Spelling,AUS,All,275824,494.2,0.9,73.1,93.1,0.2,88.3,4.8,1.9,2.3,94,1.8,,95.9,264642,,10yrs 7mths,5yrs 4mths,5,11.5,23.1,28.1,19.5,10.8,373,434.9,554.4,613.1,Increasing,492.7,Close to,Close to,Close to,Close to
2013,5,Writing,AUS,All,275824,477.9,1,70.1,91.7,0.3,62,7.4,1.9,2.5,93.7,1.8,,95.7,263878,,10yrs 7mths,5yrs 4mths,6.4,11.8,28.1,31.8,14.9,5.1,361,430.1,530.9,583.1,U-shaped,475.8,Close to,Close to,Close to,Close to
2013,7,Grammar and Punctuation,AUS,All,278540,535.1,1.5,76.9,90.8,0.3,36,7.3,1.6,2.9,94.2,1.3,,95.8,266939,,12yrs 6mths,7yrs 2mths,7.6,14.4,24.3,25.5,17.1,9.4,409,472,598.8,660.1,Flat,537.9,Close to,Below,Close to,Close to
2013,7,Numeracy,AUS,All,278540,542.1,1.6,71.4,95,0.2,54.3,5.5,1.6,3.6,93.5,1.3,,95.1,264847,,12yrs 6mths,7yrs 2mths,3.4,14.7,27.7,26,16.1,10.5,435.9,481.9,600,669.2,Flat,545.7,Close to,Close to,Close to,Close to
2013,7,Reading,AUS,All,278540,540.6,1.3,66.3,94.2,0.3,52.5,6.1,1.6,3.2,93.9,1.3,,95.5,266124,,12yrs 6mths,7yrs 2mths,4.2,12.7,25.6,30,18.3,7.7,431.2,484.9,595.7,648.8,Flat,542.2,Close to,Close to,Close to,Close to
2013,7,Spelling,AUS,All,278540,549.3,1.2,70.8,93.7,0.3,65.2,4.8,1.6,2.9,94.2,1.3,,95.8,266939,,12yrs 6mths,7yrs 2mths,4.7,10.2,21.8,30,21.3,10.4,427.9,492.8,606.9,661.2,Increasing,543.7,Close to,Close to,Close to,Close to
2013,7,Writing,AUS,All,278540,517,1.4,76.2,89.3,0.4,34.4,7.5,1.6,3.1,94,1.3,,95.6,266287,,12yrs 6mths,7yrs 2mths,9.1,17.1,29.9,24.6,12.4,5.2,394.4,463.9,576.5,635.7,U-shaped,516.6,Close to,Close to,Close to,Close to
2013,9,Grammar and Punctuation,AUS,All,280973,573.1,1.9,77.6,87.9,0.5,40.7,7.9,1.6,5.7,91,1.7,,92.6,260298,,14yrs 6mths,9yrs 2mths,10.5,18,25.2,23.5,14.1,7.1,447.1,508.6,638.2,700.5,Flat,573,Close to,Close to,Close to,Close to
2013,9,Numeracy,AUS,All,280973,583.6,2.2,82.2,90.6,0.4,39,5.2,1.6,6.9,89.8,1.8,,91.4,256732,,14yrs 6mths,9yrs 2mths,7.8,18.3,25.5,22.2,13.6,10.9,462.2,515,649.2,730.7,Flat,587,Close to,Below,Close to,Below
2013,9,Reading,AUS,All,280973,580.2,1.4,63.4,93.4,0.3,40,5.4,1.6,6.2,90.4,1.7,,92.1,258658,,14yrs 6mths,9yrs 2mths,5,16.4,29,28.2,15.3,4.5,477.2,526.6,634.4,683.8,Flat,578.9,Close to,Close to,Close to,Close to
2013,9,Spelling,AUS,All,280973,582.7,1.3,66.7,92.2,0.3,45,4.5,1.6,5.7,91,1.7,,92.6,260298,,14yrs 6mths,9yrs 2mths,6.2,13.5,28.1,29.4,15.7,5.4,468.8,530.1,637.1,689.2,Dome shaped,581.4,Close to,Close to,Close to,Close to
2013,9,Writing,AUS,All,280973,554.1,1.9,87.1,82.6,0.6,25,7.7,1.6,5.9,90.7,1.7,,92.4,259538,,14yrs 6mths,9yrs 2mths,15.7,20.8,25,20.3,11,5.5,412.6,489.7,623.9,690.9,U-shaped,553.8,Close to,Close to,Close to,Close to
2014,3,Grammar and Punctuation,AUS,All,295830,426,1.2,89.7,93.6,0.2,,,2,2.3,93.1,2.7,,95,281164,,8yrs 7mths,3yrs 4mths,4.4,7.5,14.6,21.6,22.5,27.4,274.6,352.9,500.5,571,Dome shaped,430.7,Close to,Below,Above,Close to
2014,3,Numeracy,AUS,All,295830,401.8,1,73,94.6,0.2,,,1.9,2.8,92.7,2.5,,94.6,280001,,8yrs 7mths,3yrs 4mths,3.4,10,21.2,27.2,21.6,14.6,282.2,340.5,463,522.8,Flat,399.9,Close to,Close to,Close to,Close to
2014,3,Reading,AUS,All,295830,418.3,1.1,86.2,93.5,0.2,,,2,2.4,92.9,2.7,,94.9,280711,,8yrs 7mths,3yrs 4mths,4.5,8.6,16.2,22.5,21.7,24.5,273.6,346.1,492.2,556.2,Increasing,421.5,Close to,Below,Above,Close to
2014,3,Spelling,AUS,All,295830,411.8,1.1,85.3,92.7,0.2,,,2,2.3,93.1,2.7,,95,281164,,8yrs 7mths,3yrs 4mths,5.3,9.5,16.2,23.2,22.6,21.1,266.6,340,482.3,549.4,Increasing,410.9,Close to,Close to,Close to,Close to
2014,3,Writing,AUS,All,295830,402.2,1,71.4,93.8,0.2,,,2,2.6,92.7,2.7,,94.7,280240,,8yrs 7mths,3yrs 4mths,4.2,7,17.9,29.8,27.7,11.4,277.7,352.3,460.1,500.1,Flat,414.2,Close to,Close to,Below,Close to
2014,5,Grammar and Punctuation,AUS,All,282584,503.8,1.1,80.6,92.8,0.2,79.9,9.8,2,2.3,93.7,2,,95.7,270428,,10yrs 7mths,5yrs 4mths,5.2,10.9,20.1,25.1,20.2,16.4,371.2,437,571.8,634.7,Flat,499.9,Close to,Below,Close to,Close to
2014,5,Numeracy,AUS,All,282584,487.6,1,69,93.5,0.2,92.1,7.3,2,2.8,93.3,2,,95.2,269099,,10yrs 7mths,5yrs 4mths,4.6,13.5,26.4,27.7,17.1,8.8,376.5,430,545.2,603.9,Increasing,489,Close to,Close to,Close to,Close to
2014,5,Reading,AUS,All,282584,500.6,1,78,92.9,0.2,81,6.5,2,2.3,93.6,2.1,,95.6,270124,,10yrs 7mths,5yrs 4mths,5.1,11.2,21.3,26,19.9,14.6,372.2,435.7,566.4,628.4,Increasing,498.3,Close to,Below,Above,Close to
2014,5,Spelling,AUS,All,282584,497.6,0.9,74.5,92.7,0.2,83.3,5.3,2,2.3,93.7,2,,95.7,270428,,10yrs 7mths,5yrs 4mths,5.3,11.1,20.8,27.2,21.6,12,370.7,436,559.7,614.8,Increasing,494.2,Close to,Close to,Close to,Close to
2014,5,Writing,AUS,All,282584,468.3,0.9,69.7,90.2,0.3,52.5,11.5,2,2.5,93.4,2.1,,95.4,269601,,10yrs 7mths,5yrs 4mths,7.7,13.7,31.1,30,11.9,3.6,351.4,421.3,519.8,572.3,U-shaped,473.6,Close to,Close to,Below,Close to
2014,7,Grammar and Punctuation,AUS,All,259271,543.1,1.6,74.8,93,0.3,52.1,7.3,1.8,3,93.6,1.6,,95.4,247388,,12yrs 7mths,7yrs 4mths,5.2,13.7,23.8,26.2,18.1,11.1,423.7,480,605.9,667.8,Flat,538.1,Close to,Close to,Close to,Close to
2014,7,Numeracy,AUS,All,259271,545.9,1.7,73,95.1,0.2,57.2,5.6,1.8,3.7,93,1.6,,94.7,245629,,12yrs 7mths,7yrs 4mths,3.1,14.2,26.2,26.2,16.8,11.8,437.4,483.5,605.4,676.4,Flat,546.3,Close to,Close to,Close to,Close to
2014,7,Reading,AUS,All,259271,546.1,1.4,69,94.9,0.3,52.5,7.3,1.8,3.3,93.3,1.6,,95.1,246628,,12yrs 7mths,7yrs 4mths,3.3,12.6,25,28.3,18.6,10.4,436.7,487.5,604.2,662.5,Flat,542.5,Close to,Close to,Close to,Close to
2014,7,Spelling,AUS,All,259271,545.1,1.3,73.7,92.4,0.3,50.2,5.2,1.8,3,93.6,1.6,,95.4,247388,,12yrs 7mths,7yrs 4mths,5.8,11.4,22,28.4,20.4,10.2,419.8,485.3,605.8,660.8,Increasing,544.3,Close to,Close to,Close to,Close to
2014,7,Writing,AUS,All,259271,511.6,1.4,75.4,88.5,0.4,34.6,11.5,1.8,3.2,93.4,1.6,,95.2,246804,,12yrs 7mths,7yrs 4mths,9.7,18.9,30.5,23.5,11.3,4.2,390,459.7,570.7,628.2,U-shaped,513.1,Close to,Close to,Below,Close to
2014,9,Grammar and Punctuation,AUS,All,284005,573.5,1.7,71.4,89.6,0.4,27.3,7.5,1.8,5.6,90.3,2.3,,92.1,261507,,14yrs 6mths,9yrs 2mths,8.7,18.1,26.9,24.9,13.9,5.7,457.7,513.6,634.2,691,Flat,573.1,Close to,Close to,Close to,Close to
2014,9,Numeracy,AUS,All,284005,587.8,1.9,70.9,94.1,0.3,49.7,4.7,1.8,6.5,89.4,2.4,,91.1,258775,,14yrs 6mths,9yrs 2mths,4.1,16.6,28.4,25.2,14.8,9.2,482.9,527.8,645.4,714.1,Flat,587.4,Close to,Above,Close to,Close to
2014,9,Reading,AUS,All,284005,580.4,1.5,67.6,92.1,0.4,38.9,5.5,1.8,6,89.9,2.4,,91.7,260353,,14yrs 6mths,9yrs 2mths,6.1,16.6,27.3,26.9,15.5,5.8,471.2,522.9,638,691.5,Flat,579.1,Close to,Close to,Close to,Close to
2014,9,Spelling,AUS,All,284005,582,1.5,74.5,89.8,0.4,38.6,4.7,1.8,5.6,90.3,2.3,,92.1,261507,,14yrs 6mths,9yrs 2mths,8.5,13.9,25.2,27,16.4,7.3,453,522.4,643.7,700,Dome shaped,581.9,Close to,Close to,Close to,Close to
2014,9,Writing,AUS,All,284005,550.3,1.8,85.3,81.8,0.6,32,11.6,1.8,5.8,90.1,2.3,,91.8,260779,,14yrs 6mths,9yrs 2mths,16.5,21.5,25.3,20.2,10.2,4.6,412.5,487.2,618.7,683.3,U-shaped,550.6,Close to,Close to,Close to,Close to
2015,3,Grammar and Punctuation,AUS,All,307549,433.2,1.2,90.9,94.5,0.2,,,1.9,2.3,93.2,2.7,,95,292317,,8yrs 7mths,3yrs 4mths,3.6,7.1,14.2,21,21.8,30.4,283.1,357.8,509.7,583.1,Dome shaped,432.8,Close to,Close to,Above,Above
2015,3,Numeracy,AUS,All,307549,397.8,1,74.3,94.4,0.2,,,1.8,2.8,92.8,2.5,,94.6,291059,,8yrs 7mths,3yrs 4mths,3.7,11.3,22.2,27.3,19.6,13.9,278.8,335.1,459.6,524.1,Flat,400.7,Close to,Close to,Close to,Close to
2015,3,Reading,AUS,All,307549,425.5,1.1,86.8,94.6,0.2,,,1.9,2.4,93,2.7,,94.9,291842,,8yrs 7mths,3yrs 4mths,3.6,7.4,16,22.9,21.3,26.9,283.7,353.9,499.7,568.8,Increasing,423.9,Close to,Close to,Above,Above
2015,3,Spelling,AUS,All,307549,408.8,1.1,84.7,93,0.2,,,1.9,2.3,93.2,2.7,,95,292317,,8yrs 7mths,3yrs 4mths,5.2,9.6,18.2,24,20.9,20.3,267.6,338.9,480,548.2,Increasing,412.4,Close to,Close to,Close to,Close to
2015,3,Writing,AUS,All,307549,416.3,1,67.4,95.5,0.2,,,1.9,2.5,92.9,2.7,,94.8,291517,,8yrs 7mths,3yrs 4mths,2.6,4.8,14.9,29,30.6,16.2,301,367.8,471.2,511,Flat,415.1,Above,Above,Close to,Close to
2015,5,Grammar and Punctuation,AUS,All,286154,503.1,1.2,80.9,92.9,0.2,74.9,10.2,1.9,2.3,93.7,2.1,,95.6,273574,,10yrs 7mths,5yrs 4mths,5.2,11.4,20.6,25,19.7,16.2,372.1,435,571.1,637.7,Flat,500.2,Close to,Close to,Close to,Close to
2015,5,Numeracy,AUS,All,286154,492.5,1,68,95.1,0.2,95.6,8,1.8,2.8,93.3,2.1,,95.1,272125,,10yrs 7mths,5yrs 4mths,3.1,12.7,26.5,28,18.1,9.7,386.4,434.8,548.9,609.2,Increasing,489.9,Close to,Close to,Above,Above
2015,5,Reading,AUS,All,286154,498.5,1.1,78.2,93.3,0.2,79.4,9.5,1.9,2.4,93.6,2.1,,95.5,273197,,10yrs 7mths,5yrs 4mths,4.9,13.2,22.1,24.4,19,14.5,374.7,430.8,565.3,629.8,Increasing,500.1,Close to,Close to,Close to,Close to
2015,5,Spelling,AUS,All,286154,498.1,0.9,72.9,93.5,0.2,87.3,5,1.9,2.3,93.7,2.1,,95.6,273574,,10yrs 7mths,5yrs 4mths,4.7,10.6,22,28.2,21.1,11.5,375.8,438.6,558,614.5,Increasing,495.7,Close to,Close to,Above,Close to
2015,5,Writing,AUS,All,286154,478.1,0.9,66.1,92.3,0.3,62.5,10.7,1.9,2.4,93.5,2.2,,95.4,272884,,10yrs 7mths,5yrs 4mths,5.9,11.7,28.3,33.3,14.9,4.2,366.3,431.8,528.6,577.3,U-shaped,472.2,Close to,Close to,Close to,Close to
2015,7,Grammar and Punctuation,AUS,All,278343,541.3,1.7,76,92.2,0.3,40.7,7.8,1.7,3.2,93.3,1.8,,95,264343,,12yrs 7mths,7yrs 4mths,6.1,13.1,24,26.5,17.9,10.7,418.1,479,603.8,667.2,Flat,538.3,Close to,Close to,Close to,Close to
2015,7,Numeracy,AUS,All,278343,542.5,1.7,68.6,95.9,0.2,56.7,5.8,1.7,4,92.5,1.8,,94.2,262233,,12yrs 7mths,7yrs 4mths,2.4,14.2,28.7,27.2,16,9.8,441.7,484.4,597.8,665.1,Flat,546.8,Close to,Close to,Close to,Close to
2015,7,Reading,AUS,All,278343,546,1.5,67.3,95.4,0.3,43.7,7,1.7,3.6,92.8,1.8,,94.5,263104,,12yrs 7mths,7yrs 4mths,2.9,12.4,26.2,28.4,18.4,10,440.5,488.7,602.9,660.1,Flat,542.7,Close to,Close to,Close to,Close to
2015,7,Spelling,AUS,All,278343,546.7,1.4,71.7,93.1,0.3,52.5,4.3,1.7,3.2,93.3,1.8,,95,264343,,12yrs 7mths,7yrs 4mths,5.2,10.9,21.9,29.5,21,9.8,423.9,489.1,605.1,658.7,Increasing,544.9,Close to,Close to,Close to,Close to
2015,7,Writing,AUS,All,278343,510.6,1.6,76,87.3,0.5,32.7,10.8,1.7,3.4,93,1.8,,94.7,263673,,12yrs 7mths,7yrs 4mths,11,18.1,29.7,23.9,11.7,3.9,383.8,457.1,571.4,626.3,U-shaped,510.8,Close to,Close to,Below,Below
2015,9,Grammar and Punctuation,AUS,All,281602,567.9,1.7,70.4,88.9,0.4,32.8,6.9,1.8,5.7,90.2,2.3,,92,259070,,14yrs 6mths,9yrs 2mths,9.3,19.7,28.8,23.5,12.1,4.8,454.9,509.7,626.6,685.9,Flat,573.2,Close to,Close to,Close to,Close to
2015,9,Numeracy,AUS,All,281602,591.7,1.9,67.8,95.7,0.2,49.6,4.6,1.8,6.6,89.2,2.4,,91,256132,,14yrs 6mths,9yrs 2mths,2.6,14.8,29.7,27.1,15.1,8.9,493.2,534.5,645.6,714,Flat,587.8,Close to,Above,Close to,Above
2015,9,Reading,AUS,All,281602,580.2,1.6,67.5,92.3,0.3,39.6,5.9,1.8,6.2,89.6,2.4,,91.4,257303,,14yrs 6mths,9yrs 2mths,5.9,17.1,27.8,26.3,15.1,6,472.8,522.4,638,692.4,Flat,579.3,Close to,Close to,Close to,Close to
2015,9,Spelling,AUS,All,281602,583.2,1.5,73.5,90.2,0.4,33.9,4,1.8,5.7,90.2,2.3,,92,259070,,14yrs 6mths,9yrs 2mths,8,14.1,25.2,27,16.3,7.6,457.1,523.3,644.1,701.5,Dome shaped,582.1,Close to,Close to,Close to,Close to
2015,9,Writing,AUS,All,281602,546.5,1.9,85.2,80.5,0.7,29.5,10.9,1.8,6,89.9,2.3,,91.7,258200,,14yrs 6mths,9yrs 2mths,17.7,21.5,25.4,20.2,9.5,3.9,403.9,483.8,614.6,677.9,U-shaped,548.3,Close to,Close to,Below,Close to
2016,3,Grammar and Punctuation,AUS,All,314633,435.8,1.2,89.9,95.5,0.2,,,1.8,2.3,93.2,2.7,,95.1,299117,,8yrs 7mths,3yrs 4mths,2.7,6.9,14.8,21.2,21.3,31.2,293,359.9,512.4,585.5,Dome shaped,434.4,Close to,Close to,Above,Above
2016,3,Numeracy,AUS,All,314633,402,1,73.4,95.5,0.2,,,1.8,2.8,92.9,2.5,,94.7,298010,,8yrs 7mths,3yrs 4mths,2.7,10.7,22.4,26.9,20.6,15,287,339.3,463.5,527.2,Flat,401.5,Close to,Close to,Close to,Close to
2016,3,Reading,AUS,All,314633,425.6,1.1,85.6,95.1,0.2,,,1.8,2.3,93.1,2.7,,95,298839,,8yrs 7mths,3yrs 4mths,3.1,8.4,15.8,21.4,22.1,27.3,286,351.5,499.1,564,Increasing,426.3,Close to,Close to,Above,Above
2016,3,Spelling,AUS,All,314633,419.8,1.1,85.8,94,0.2,,,1.8,2.3,93.2,2.7,,95.1,299117,,8yrs 7mths,3yrs 4mths,4.2,8.2,15.7,23.5,22.3,24.1,276.5,349.5,491.3,560.1,Increasing,413.9,Close to,Close to,Above,Close to
2016,3,Writing,AUS,All,314633,420.7,0.8,62,96.3,0.2,,,1.9,2.4,93,2.7,,94.9,298434,,8yrs 7mths,3yrs 4mths,1.8,4.4,12.4,30.7,33.3,15.5,310.9,376.4,470,510.9,Flat,415.9,Close to,Close to,Close to,Close to
2016,5,Grammar and Punctuation,AUS,All,299215,504.9,1.1,78.7,93.7,0.2,78.9,10.2,1.8,2.3,93.7,2.2,,95.5,285623,,10yrs 7mths,5yrs 4mths,4.6,10.4,20.8,26.2,20.4,15.9,376.9,440.4,570.2,635.2,Flat,500.5,Close to,Close to,Close to,Close to
2016,5,Numeracy,AUS,All,299215,493.1,1,70.6,94.3,0.2,91.3,7.5,1.8,2.8,93.2,2.2,,95,284146,,10yrs 7mths,5yrs 4mths,3.9,12.6,25.3,28.1,17.8,10.5,380.8,434.1,551,614,Increasing,490.7,Close to,Close to,Above,Close to
2016,5,Reading,AUS,All,299215,501.5,1,77.1,93,0.2,83.2,6.6,1.8,2.4,93.6,2.3,,95.4,285348,,10yrs 7mths,5yrs 4mths,5.2,10.3,20.7,26.7,21.2,14.1,371.8,438.9,565.6,624.7,Increasing,502,Close to,Close to,Above,Close to
2016,5,Spelling,AUS,All,299215,492.9,0.9,74.1,92.8,0.2,81.1,5.7,1.8,2.3,93.7,2.2,,95.5,285623,,10yrs 7mths,5yrs 4mths,5.5,11.7,23.2,28.1,19,10.8,369.6,433.2,553.4,613.5,Increasing,497.3,Close to,Close to,Close to,Close to
2016,5,Writing,AUS,All,299215,475.6,0.8,63,93.2,0.2,73.4,10,1.8,2.5,93.4,2.3,,95.2,284967,,10yrs 7mths,5yrs 4mths,5,13.1,31.5,31.3,13.3,3.9,373.5,429.5,524.5,575.3,U-shaped,471.5,Close to,Close to,Close to,Close to
2016,7,Grammar and Punctuation,AUS,All,285216,540,1.6,74.5,92.6,0.3,36.2,8.7,1.7,3.2,93.1,2,,94.8,270448,,12yrs 7mths,7yrs 4mths,5.7,14.1,24.8,26.2,17.3,10.3,420.9,477.7,602.1,664.6,Flat,538.5,Close to,Close to,Close to,Close to
2016,7,Numeracy,AUS,All,285216,549.7,1.7,70.4,95.5,0.2,62.1,4.7,1.7,3.8,92.4,2,,94.1,268451,,12yrs 7mths,7yrs 4mths,2.8,12.3,24.3,28.6,18.8,11.5,440.1,489.8,606.9,671.3,Flat,547.4,Close to,Close to,Close to,Close to
2016,7,Reading,AUS,All,285216,540.8,1.5,67.6,94.6,0.3,40.2,7.7,1.7,3.4,92.8,2,,94.5,269537,,12yrs 7mths,7yrs 4mths,3.7,13.5,26.5,28.3,17.7,8.5,433.8,483.9,597.3,653.9,Flat,543,Close to,Close to,Close to,Close to
2016,7,Spelling,AUS,All,285216,542.9,1.4,72.3,93.1,0.3,45.3,4.9,1.7,3.2,93.1,2,,94.8,270448,,12yrs 7mths,7yrs 4mths,5.2,12.3,24.4,28.2,18.1,10.1,424,483.9,602.5,661.9,Increasing,545.4,Close to,Close to,Close to,Close to
2016,7,Writing,AUS,All,285216,515,1.4,70.6,89.7,0.4,46.7,10.1,1.7,3.3,92.9,2,,94.6,269884,,12yrs 7mths,7yrs 4mths,8.6,18.3,30.8,25.1,11.5,4,400.9,463,571.2,626.8,U-shaped,509.7,Close to,Close to,Close to,Close to
2016,9,Grammar and Punctuation,AUS,All,262419,569.3,1.6,66.6,90.5,0.4,26.2,7.6,1.8,5.8,89.9,2.5,,91.7,240696,,14yrs 7mths,9yrs 2mths,7.6,19.5,30.4,24.5,12,4.2,463.5,514.5,624.8,681,Flat,573.3,Close to,Close to,Close to,Close to
2016,9,Numeracy,AUS,All,262419,588.9,1.9,66.8,95.2,0.3,43,4.4,1.8,6.7,88.9,2.6,,90.7,238081,,14yrs 7mths,9yrs 2mths,3,14.5,30.9,27.2,14.3,8.2,490.8,534.3,641.6,708.7,Flat,588.3,Close to,Close to,Close to,Close to
2016,9,Reading,AUS,All,262419,580.8,1.5,65.8,92.8,0.3,34.7,5.5,1.8,6.2,89.4,2.5,,91.2,239338,,14yrs 7mths,9yrs 2mths,5.3,16.1,29,27.2,15.1,5.5,475.5,526,636.3,689.8,Flat,579.4,Close to,Close to,Close to,Close to
2016,9,Spelling,AUS,All,262419,580.3,1.5,72.7,90.4,0.4,35.2,4.5,1.8,5.8,89.9,2.5,,91.7,240696,,14yrs 7mths,9yrs 2mths,7.8,15,26.8,26.8,14.9,6.9,459.5,522,639.4,698.9,Dome shaped,582.2,Close to,Close to,Close to,Close to
2016,9,Writing,AUS,All,262419,549.1,1.7,77,82.9,0.6,37.5,10.2,1.8,6,89.7,2.5,,91.5,240178,,14yrs 7mths,9yrs 2mths,15.2,22.5,27.9,20.3,9.2,3.1,423.4,490.5,611,671.2,U-shaped,546.9,Close to,Close to,Below,Close to
2017,3,Grammar and Punctuation,AUS,All,313766,439.2,1.3,94,94.4,0.2,,,1.9,2.2,93,2.8,,94.9,297880,,8yrs 7mths,3yrs 4mths,3.7,6.8,12.6,19.5,22,33.5,282.5,362.1,516.9,590.4,Dome shaped,435.4,Close to,Close to,Above,Above
2017,3,Numeracy,AUS,All,313766,409.4,1,73.9,95.4,0.2,,,1.9,2.7,92.7,2.7,,94.6,296857,,8yrs 7mths,3yrs 4mths,2.7,8.7,19.7,27.3,22.7,17.1,289.5,347.6,470.9,532.8,Flat,402.3,Close to,Close to,Close to,Close to
2017,3,Reading,AUS,All,313766,431.3,1.2,86.9,94.9,0.2,,,1.9,2.3,92.9,2.8,,94.8,297559,,8yrs 7mths,3yrs 4mths,3.1,6.9,14.2,22.3,23.3,28.3,288.1,360.5,502.8,575.1,Increasing,428.7,Close to,Close to,Above,Above
2017,3,Spelling,AUS,All,313766,416.1,1.1,85.1,93.4,0.2,,,1.9,2.2,93,2.8,,94.9,297880,,8yrs 7mths,3yrs 4mths,4.6,8.5,16.1,23.2,22.8,22.8,272.4,346.1,486.9,551.6,Increasing,415.3,Close to,Close to,Above,Close to
2017,3,Writing,AUS,All,313766,413.6,1,65.7,95.5,0.2,,,1.9,2.4,92.8,2.9,,94.7,297099,,8yrs 7mths,3yrs 4mths,2.5,5,16.1,29.8,30.1,14.5,301.2,365,467.9,506.8,Flat,416.8,Close to,Close to,Close to,Close to
2017,5,Grammar and Punctuation,AUS,All,311369,499.3,1.2,80.9,92.3,0.2,66.1,14.1,1.9,2.2,93.6,2.3,,95.5,297334,,10yrs 7mths,5yrs 4mths,5.9,11.6,21.1,25.1,19.7,14.7,366.6,432.6,566.5,631.8,Flat,500.8,Close to,Close to,Close to,Close to
2017,5,Numeracy,AUS,All,311369,493.8,1,65.5,95.4,0.2,96,6.1,1.8,2.8,93.2,2.2,,95,295777,,10yrs 7mths,5yrs 4mths,2.8,11.8,26,29.7,18.8,9.1,389.5,438.4,548.4,604.7,Increasing,491.5,Close to,Close to,Above,Above
2017,5,Reading,AUS,All,311369,505.7,1.1,77,93.9,0.2,80.2,10.6,1.9,2.3,93.5,2.3,,95.4,296973,,10yrs 7mths,5yrs 4mths,4.2,10.4,20.6,26,21.3,15.7,379.9,441.3,570.2,631.8,Increasing,503.8,Close to,Close to,Above,Above
2017,5,Spelling,AUS,All,311369,500.8,0.9,71.3,93.8,0.2,92,4.7,1.9,2.2,93.6,2.3,,95.5,297334,,10yrs 7mths,5yrs 4mths,4.4,9.7,21.1,28.7,22.5,11.8,378.7,443,560.2,612.7,Increasing,498.8,Close to,Close to,Above,Close to
2017,5,Writing,AUS,All,311369,472.5,0.9,64.4,91.7,0.3,56.2,8.7,1.9,2.4,93.4,2.3,,95.3,296690,,10yrs 7mths,5yrs 4mths,6.4,13,30.7,32.1,12.4,3.4,362.7,426.4,521.2,571.5,U-shaped,471.6,Close to,Close to,Close to,Close to
2017,7,Grammar and Punctuation,AUS,All,288890,541.5,1.7,74.6,92.2,0.4,38.4,10.9,1.8,3.2,93,2,,94.8,273877,,12yrs 7mths,7yrs 4mths,6,12.8,23.5,27.1,18.6,10.2,417.9,480.2,603.6,662.2,Flat,538.7,Close to,Close to,Close to,Close to
2017,7,Numeracy,AUS,All,288890,553.9,1.7,71.1,95.4,0.3,61.4,5.3,1.7,4,92.3,2.1,,94,271530,,12yrs 7mths,7yrs 4mths,2.9,11,23.1,28.2,20.3,12.8,441.3,493.6,612.7,674.2,Flat,547.9,Close to,Close to,Close to,Close to
2017,7,Reading,AUS,All,288890,544.7,1.5,69.4,94,0.3,46.2,10.1,1.8,3.5,92.7,2.1,,94.5,272897,,12yrs 7mths,7yrs 4mths,4.3,11.9,24.3,28.8,19.4,9.6,430.7,487.5,602.8,657.7,Flat,543.2,Close to,Close to,Close to,Close to
2017,7,Spelling,AUS,All,288890,549.5,1.4,73.3,93.1,0.3,51.4,4.9,1.8,3.2,93,2,,94.8,273877,,12yrs 7mths,7yrs 4mths,5.1,10.4,21.4,28.4,21.5,11.4,424.3,490.8,610.2,664.2,Increasing,546,Close to,Close to,Close to,Close to
2017,7,Writing,AUS,All,288890,512.9,1.6,76,87.9,0.5,34.8,8.8,1.8,3.4,92.8,2.1,,94.6,273262,,12yrs 7mths,7yrs 4mths,10.4,18,29.7,23.7,12.1,4.4,385.7,459.2,573.7,630.4,U-shaped,509.9,Close to,Close to,Below,Below
2017,9,Grammar and Punctuation,AUS,All,281235,573.6,1.7,70.7,89.4,0.5,32.3,7.9,2,5.6,89.8,2.6,,91.8,258166,,14yrs 7mths,9yrs 4mths,8.7,16.7,27.3,26.4,14.1,4.9,455.5,515.9,632.5,686.1,Flat,573.4,Close to,Close to,Close to,Close to
2017,9,Numeracy,AUS,All,281235,591.9,1.7,63.5,95.8,0.3,49.4,4.5,2,6.6,88.8,2.7,,90.7,255117,,14yrs 7mths,9yrs 4mths,2.3,13.7,29,29.1,16.3,7.7,495.9,537.8,644.7,702.4,Flat,588.7,Close to,Close to,Close to,Above
2017,9,Reading,AUS,All,281235,580.9,1.5,66,91.7,0.4,34.9,5.5,2,6,89.4,2.7,,91.3,256870,,14yrs 7mths,9yrs 4mths,6.4,14.9,26.4,29.4,16.6,4.4,468.7,525.8,636.9,683.2,Flat,579.6,Close to,Close to,Close to,Close to
2017,9,Spelling,AUS,All,281235,581.4,1.5,72.1,90.5,0.4,34.7,4.2,2,5.6,89.8,2.6,,91.8,258166,,14yrs 7mths,9yrs 4mths,7.5,14.2,26.5,27.6,15.6,6.6,458.8,524.5,640.2,696.6,Dome shaped,582,Close to,Close to,Close to,Close to
2017,9,Writing,AUS,All,281235,552,1.9,86.2,81.6,0.7,41.4,8.9,2,5.8,89.6,2.6,,91.6,257626,,14yrs 7mths,9yrs 4mths,16.4,20.4,24.6,21.2,10.6,4.8,405.8,487.6,621.3,685.1,U-shaped,546.4,Close to,Close to,Close to,Close to
2018,3,Grammar and Punctuation,AUS,All,318731,431.8,1.2,90.4,94.9,0.2,,,1.8,2.3,93,3,,94.8,301499,,8yrs 7mths,3yrs 4mths,3.3,7.7,13.8,20.3,23.6,29.5,283.4,357.4,505,577,Dome shaped,436,Close to,Close to,Above,Above
2018,3,Numeracy,AUS,All,318731,407.7,1,71.6,95.8,0.2,,,1.7,2.8,92.6,2.8,,94.3,300176,,8yrs 7mths,3yrs 4mths,2.4,9.1,19.9,27.6,23.3,15.9,291.1,347,467.7,525.5,Flat,403.1,Close to,Close to,Close to,Close to
2018,3,Reading,AUS,All,318731,433.8,1.1,83.9,95.6,0.2,,,1.8,2.3,92.9,3,,94.7,301378,,8yrs 7mths,3yrs 4mths,2.6,6,13.8,22.7,24,29.2,296.4,366,503.7,569.6,Increasing,431.1,Close to,Close to,Above,Above
2018,3,Spelling,AUS,All,318731,417.6,1.1,84,94.1,0.2,,,1.8,2.3,93,3,,94.8,301499,,8yrs 7mths,3yrs 4mths,4.2,8.3,16.3,23,23.1,23.5,277.2,348.3,488.3,549.7,Increasing,416.8,Close to,Close to,Above,Close to
2018,3,Writing,AUS,All,318731,407.1,1,69.5,94.4,0.2,,,1.8,2.6,92.6,3,,94.4,300380,,8yrs 7mths,3yrs 4mths,3.9,6.1,16.7,29.6,29,12.9,282.7,357.4,464,503.3,Flat,417.7,Close to,Close to,Close to,Close to
2018,5,Grammar and Punctuation,AUS,All,319437,503.8,1,74.7,94.4,0.2,68,16.9,1.7,2.2,93.7,2.4,,95.4,304335,,10yrs 7mths,5yrs 4mths,3.9,10.4,19.8,28.6,21.6,13.9,381.1,443.7,565.4,623.8,Flat,501.1,Close to,Above,Close to,Close to
2018,5,Numeracy,AUS,All,319437,494,1,65.4,95.7,0.2,92,7.1,1.7,2.9,93.1,2.3,,94.8,302469,,10yrs 7mths,5yrs 4mths,2.6,11.4,26.7,29.9,18.4,9.2,391.6,439.4,547.7,605.8,Increasing,492.4,Close to,Close to,Above,Above
2018,5,Reading,AUS,All,319437,509.3,1.1,75,94.9,0.2,83.7,10,1.7,2.3,93.6,2.4,,95.3,304231,,10yrs 7mths,5yrs 4mths,3.4,9.2,19.9,27.1,22.7,15.9,387.2,447.8,571.4,630.5,Increasing,505.7,Close to,Close to,Above,Above
2018,5,Spelling,AUS,All,319437,502.4,0.9,71.1,94.4,0.2,82.6,5.5,1.7,2.2,93.7,2.4,,95.4,304335,,10yrs 7mths,5yrs 4mths,3.9,9.7,20.9,29.4,22.3,12.2,382.8,444.8,560.6,616.2,Increasing,500.3,Close to,Close to,Above,Above
2018,5,Writing,AUS,All,319437,464.7,0.9,67.8,89.8,0.3,44,11.2,1.7,2.4,93.5,2.4,,95.2,303671,,10yrs 7mths,5yrs 4mths,8.5,14.9,31.4,29.9,10.7,3,348.4,416.4,515.4,566.9,U-shaped,472.4,Close to,Close to,Below,Below
2018,7,Grammar and Punctuation,AUS,All,302895,544.4,1.6,73.8,93,0.3,39.5,12.1,1.7,3.5,92.6,2.2,,94.3,285432,,12yrs 7mths,7yrs 4mths,5.3,12.2,22.5,29.2,18.7,10.4,423.2,484.8,604.2,664.7,Flat,538.8,Close to,Close to,Above,Close to
2018,7,Numeracy,AUS,All,302895,548.4,1.7,69.1,95.6,0.2,55.3,4.6,1.7,4.3,91.7,2.3,,93.4,282770,,12yrs 7mths,7yrs 4mths,2.8,11.7,25.8,29.1,18.1,10.8,442,490.9,604.2,668.6,Flat,548.5,Close to,Close to,Close to,Close to
2018,7,Reading,AUS,All,302895,542.2,1.6,67.7,94.1,0.3,40.7,11.3,1.7,3.7,92.4,2.3,,94,284723,,12yrs 7mths,7yrs 4mths,4.2,12.1,25.5,29.6,18.4,8.5,431.2,486.6,598.2,653.5,Flat,543.5,Close to,Close to,Close to,Close to
2018,7,Spelling,AUS,All,302895,545.4,1.3,73,92.8,0.3,52.5,4.8,1.7,3.5,92.6,2.2,,94.3,285432,,12yrs 7mths,7yrs 4mths,5.5,11.2,22.9,28.4,19.9,10.4,421.3,486.6,605.5,662.1,Increasing,546.6,Close to,Close to,Close to,Close to
2018,7,Writing,AUS,All,302895,505.3,1.5,74,86.9,0.5,29.7,11.3,1.7,3.6,92.5,2.2,,94.2,285251,,12yrs 7mths,7yrs 4mths,11.5,20.5,30.7,22.2,10.3,3.2,382.6,453.3,565,619.3,U-shaped,511.2,Close to,Close to,Below,Below
2018,9,Grammar and Punctuation,AUS,All,288699,580.5,1.5,66,92.3,0.4,40.5,9.3,1.9,6,89,3.1,,90.9,262090,,14yrs 7mths,9yrs 4mths,5.8,14.8,28.6,28.8,15.3,4.9,472.3,527.4,635.2,685.7,Flat,573.4,Close to,Above,Close to,Close to
2018,9,Numeracy,AUS,All,288699,595.7,1.7,66.3,95.5,0.3,46,4.6,1.9,7.2,87.7,3.2,,89.6,258337,,14yrs 7mths,9yrs 4mths,2.6,12.2,27.8,29.8,16.9,8.9,495.2,541.1,648.5,710.6,Flat,589.1,Close to,Close to,Above,Above
2018,9,Reading,AUS,All,288699,584.1,1.5,64.1,93.4,0.4,43.3,5.2,1.9,6.3,88.5,3.2,,90.5,260851,,14yrs 7mths,9yrs 4mths,4.7,13.8,28.4,30.2,15.9,5,479.5,532.7,636.8,686.4,Flat,579.7,Close to,Close to,Close to,Close to
2018,9,Spelling,AUS,All,288699,583.4,1.5,73.2,90.4,0.4,40.5,4.8,1.9,6,89,3.1,,90.9,262090,,14yrs 7mths,9yrs 4mths,7.7,13.8,24.8,28.1,16.9,6.8,458.8,524.8,643.2,697.3,Dome shaped,581.7,Close to,Close to,Close to,Close to
2018,9,Writing,AUS,All,288699,542.4,1.9,83.3,79.5,0.7,27.4,11.4,1.9,6,89,3.1,,90.9,262090,,14yrs 7mths,9yrs 4mths,18.6,22.6,25.5,19.8,8.6,3.1,403.3,480.9,609.2,669.7,U-shaped,546.8,Close to,Close to,Below,Below
2019,3,Grammar and Punctuation,AUS,All,316837,440,1.3,92.5,94.9,0.2,,,1.7,2.2,93.3,2.9,,94.9,300806,,8yrs 7mths,3yrs 4mths,3.4,7.4,12,18.9,23.2,33.5,283.5,362.7,515.5,590.1,Dome shaped,436,Close to,Close to,Above,Above
2019,3,Numeracy,AUS,All,316837,408.1,1,73.9,95.5,0.2,,,1.6,2.7,93,2.7,,94.6,299655,,8yrs 7mths,3yrs 4mths,2.8,9.3,19.3,27.3,23,16.6,286.9,345.8,469.3,530.2,Flat,403.9,Close to,Close to,Close to,Close to
2019,3,Reading,AUS,All,316837,432.2,1.1,86,95.9,0.2,,,1.7,2,93.5,2.9,,95.2,301537,,8yrs 7mths,3yrs 4mths,2.4,8.3,13.8,21,24.1,28.7,290.4,358.1,502.4,574.4,Increasing,433.5,Close to,Close to,Above,Above
2019,3,Spelling,AUS,All,316837,418.9,1.1,86.4,93.3,0.2,,,1.7,2.2,93.3,2.9,,94.9,300806,,8yrs 7mths,3yrs 4mths,5.1,8.1,14.9,22.3,23.4,24.5,268.7,348.4,490.8,552.4,Increasing,418.2,Close to,Close to,Above,Close to
2019,3,Writing,AUS,All,316837,422.5,0.9,63.1,96.3,0.2,,,1.6,2.7,92.8,2.9,,94.5,299297,,8yrs 7mths,3yrs 4mths,2,4.2,11.4,29.8,34.4,16.5,309,379.1,472.1,511.7,Flat,418.5,Above,Above,Close to,Close to
2019,5,Grammar and Punctuation,AUS,All,317035,499.1,1.2,80.8,92.4,0.3,59.9,18.7,1.6,2.2,93.6,2.5,,95.3,302107,,10yrs 7mths,5yrs 4mths,6,11,21.3,25.9,19.7,14.5,365.4,434.2,565.5,630.9,Flat,501.4,Close to,Below,Close to,Close to
2019,5,Numeracy,AUS,All,317035,495.9,1,67.1,95.4,0.2,86.5,6.4,1.6,2.8,93.2,2.4,,94.8,300633,,10yrs 7mths,5yrs 4mths,3,11,25.6,29.7,19,10,388.7,440.3,550.9,609.8,Increasing,493.2,Close to,Close to,Above,Above
2019,5,Reading,AUS,All,317035,506.1,1,70.7,94.7,0.2,74.8,10.5,1.6,2,93.9,2.5,,95.5,302919,,10yrs 7mths,5yrs 4mths,3.6,8.8,20,28.9,23.7,13.4,385.6,449.2,565.1,617.3,Increasing,507.5,Close to,Close to,Above,Above
2019,5,Spelling,AUS,All,317035,500.7,0.9,71.5,94,0.2,84.6,5.2,1.6,2.2,93.6,2.5,,95.3,302107,,10yrs 7mths,5yrs 4mths,4.4,9.3,21.5,29.3,22,11.9,378.8,444.4,559.9,613.2,Increasing,501.8,Close to,Close to,Above,Above
2019,5,Writing,AUS,All,317035,474.1,0.9,64.5,92.8,0.2,60.5,11.4,1.7,2.1,93.7,2.5,,95.4,302331,,10yrs 7mths,5yrs 4mths,5.6,13.5,31.7,30.7,12.8,4.1,368.5,427.4,523.4,576.6,U-shaped,474,Close to,Above,Close to,Close to
2019,7,Grammar and Punctuation,AUS,All,311383,541.7,1.6,74.8,92.2,0.3,42.4,16.5,1.6,3.6,92.5,2.3,,94.1,293002,,12yrs 7mths,7yrs 4mths,6.2,12.8,23.2,27.1,18.9,10.3,417.5,479.9,604,662.3,Flat,539,Close to,Close to,Close to,Close to
2019,7,Numeracy,AUS,All,311383,554.4,1.8,75.5,94.3,0.3,60.6,5.3,1.6,4.3,91.8,2.3,,93.4,290689,,12yrs 7mths,7yrs 4mths,4.1,11,22,27.1,19.9,14.3,432.4,491.4,616.9,682.1,Flat,549,Close to,Close to,Close to,Close to
2019,7,Reading,AUS,All,311383,546.3,1.5,67.4,94.5,0.3,40.6,10.5,1.6,3.4,92.7,2.3,,94.3,293676,,12yrs 7mths,7yrs 4mths,3.9,11.3,23.7,30.1,20.3,9.1,433.9,490.5,602.4,655.6,Flat,543.7,Close to,Close to,Close to,Close to
2019,7,Spelling,AUS,All,311383,546.1,1.3,70.8,93.3,0.3,45.3,5.5,1.6,3.6,92.5,2.3,,94.1,293002,,12yrs 7mths,7yrs 4mths,5.1,10.6,23,29.2,20.7,9.7,424.6,489.5,604.8,657.6,Increasing,547.2,Close to,Close to,Close to,Close to
2019,7,Writing,AUS,All,311383,513.2,1.4,71,89.4,0.4,40.7,11.4,1.6,3.3,92.8,2.2,,94.4,293959,,12yrs 7mths,7yrs 4mths,9,18.8,30.8,24.6,11.5,3.7,397.8,461.3,570.4,624.5,U-shaped,513.7,Close to,Close to,Below,Close to
2019,9,Grammar and Punctuation,AUS,All,289287,573.6,1.6,69.4,90.1,0.4,32.1,10,1.8,6.4,88.5,3.3,,90.3,261166,,14yrs 7mths,9yrs 4mths,8.1,16.4,28.5,26.7,14,4.5,458.1,518.5,631.2,683.4,Flat,573.5,Close to,Close to,Close to,Close to
2019,9,Numeracy,AUS,All,289287,592.1,1.7,63.9,96,0.3,38.2,5.4,1.8,7.4,87.4,3.4,,89.2,258123,,14yrs 7mths,9yrs 4mths,2.2,14,29,28.6,16.7,7.7,496,537.4,645.2,702.5,Flat,589.5,Close to,Close to,Close to,Above
2019,9,Reading,AUS,All,289287,581.3,1.5,67.2,91.8,0.4,36.6,5.6,1.8,6.2,88.6,3.4,,90.4,261624,,14yrs 7mths,9yrs 4mths,6.4,14,27.3,29.2,16.5,4.8,467.6,528,637.6,685.1,Flat,579.9,Close to,Close to,Close to,Close to
2019,9,Spelling,AUS,All,289287,582.2,1.4,66.8,92,0.4,32.7,4.8,1.8,6.4,88.5,3.3,,90.3,261166,,14yrs 7mths,9yrs 4mths,6.2,13.6,28,29.4,15.6,5.3,469.1,529.6,636.9,688.4,Dome shaped,581.1,Close to,Close to,Close to,Close to
2019,9,Writing,AUS,All,289287,548.8,1.7,78.7,82.4,0.6,35.9,11.5,1.8,6,88.9,3.2,,90.7,262509,,14yrs 7mths,9yrs 4mths,15.8,21.9,27.2,20.9,9.4,3,418.1,489.2,612.6,670.4,U-shaped,548.2,Close to,Close to,Below,Close to
2021,3,Grammar and Punctuation,AUS,All,325586,432.5,1.3,88,94.4,0.2,,,1.5,2.2,93.4,2.8,0.1,95,309363,,8yrs 7mths,3yrs 4mths,4,7,12.7,21,23.9,29.9,278.9,360.6,505.2,573.1,Dome shaped,434.5,Close to,Close to,Above,Above
2021,3,Numeracy,AUS,All,325569,402.8,1,72.6,95.4,0.2,,,1.5,2.8,93,2.7,0.1,94.6,307859,,8yrs 7mths,3yrs 4mths,3,10,21,28.2,21.6,14.6,284.7,341.7,462.8,524.4,Flat,405.5,Close to,Close to,Close to,Close to
2021,3,Reading,AUS,All,325592,437.9,1.2,86.9,95.9,0.2,,,1.5,1.8,93.8,2.8,0.1,95.4,310498,,8yrs 7mths,3yrs 4mths,2.5,7.4,12.9,20.3,23.3,32,291.4,363.5,511,579.8,Increasing,438.3,Close to,Close to,Above,Above
2021,3,Spelling,AUS,All,325586,421.2,1.2,89,93.1,0.3,,,1.5,2.2,93.2,2.8,0.3,95,309363,,8yrs 7mths,3yrs 4mths,5.4,7.5,14.8,21.3,22.8,26.6,264.9,349.5,496.1,557.1,Increasing,421.2,Close to,Close to,Above,Close to
2021,3,Writing,AUS,All,325589,425.3,0.9,62.6,96.7,0.2,,,1.5,2.8,93,2.6,0.1,94.6,307979,,8yrs 7mths,3yrs 4mths,1.9,4.4,10.8,28.6,34.6,18.3,309.7,381,475.5,515.3,Flat,420.3,Close to,Close to,Close to,Above
2021,5,Grammar and Punctuation,AUS,All,320709,502.6,1.1,74.1,93.9,0.2,62.6,7.5,1.4,2.3,93.7,2.5,0.1,95.2,305383,,10yrs 7mths,5yrs 4mths,4.6,9.6,21,28.1,21.8,13.4,376.6,442.8,563.7,622.1,Flat,502,Close to,Close to,Close to,Close to
2021,5,Numeracy,AUS,All,320703,495.2,1,67.3,95,0.2,87.1,3.9,1.4,2.9,93.1,2.4,0.1,94.6,303469,,10yrs 7mths,5yrs 4mths,3.6,10.9,24.8,30,19.8,9.5,384.5,439.9,550.5,606.7,Increasing,494.9,Close to,Close to,Above,Above
2021,5,Reading,AUS,All,320720,511.3,1,70.4,95.1,0.2,79.1,4.4,1.4,1.9,94.1,2.5,0.1,95.6,306627,,10yrs 7mths,5yrs 4mths,3.5,7.6,18.4,28.7,25.3,15.1,388.4,455.2,570.4,621.2,Increasing,511.2,Close to,Close to,Above,Above
2021,5,Spelling,AUS,All,320709,504.4,1,73.4,94.1,0.2,85.5,3.6,1.4,2.3,93.6,2.5,0.2,95.2,305383,,10yrs 7mths,5yrs 4mths,4.5,9.4,19.8,27.4,23.9,13.6,377.8,444.7,565.8,617.6,Increasing,504.9,Close to,Close to,Above,Above
2021,5,Writing,AUS,All,320727,479.9,0.9,65.2,93.3,0.2,57.4,7.7,1.4,2.2,93.8,2.5,0,95.3,305667,,10yrs 7mths,5yrs 4mths,5.2,12.3,28.8,32,15.4,5,371.2,431.5,531.4,582.3,U-shaped,479.4,Close to,Close to,Close to,Close to
2021,7,Grammar and Punctuation,AUS,All,319790,532.7,1.8,79.2,89.9,0.4,33.6,6.6,1.5,4.3,91.7,2.3,0.1,93.4,298572,,12yrs 7mths,7yrs 4mths,8.6,14.3,24.4,25.5,16.1,9.5,400.4,469,597.6,661.7,Flat,539.4,Close to,Close to,Close to,Close to
2021,7,Numeracy,AUS,All,319783,550.3,1.8,77.3,93.2,0.3,54.4,3.8,1.5,5.2,90.9,2.3,0.1,92.5,295799,,12yrs 7mths,7yrs 4mths,5.4,11.4,21.9,26.9,19.5,13.5,422.8,487,613.8,678.8,Flat,550.2,Close to,Close to,Close to,Below
2021,7,Reading,AUS,All,319810,542.3,1.5,67.9,93.8,0.3,36.2,3.9,1.5,3.8,92.3,2.3,0.1,93.9,300378,,12yrs 7mths,7yrs 4mths,4.7,11.7,25,29.4,19.3,8.5,427.5,486.9,599.5,651.7,Flat,544.2,Close to,Close to,Close to,Close to
2021,7,Spelling,AUS,All,319790,548.4,1.4,70.1,93.8,0.3,47.7,3.5,1.5,4.3,91.6,2.3,0.3,93.4,298572,,12yrs 7mths,7yrs 4mths,4.7,10.3,21.9,30.4,21.5,9.8,428.4,492.2,605.3,658.6,Increasing,548.4,Close to,Close to,Close to,Close to
2021,7,Writing,AUS,All,319803,522,1.5,74.1,89.7,0.4,47.9,7.8,1.5,4,92.2,2.3,0.1,93.7,299771,,12yrs 7mths,7yrs 4mths,8.8,16,27.8,26,14.7,5.3,398.7,465.9,582.7,636.5,U-shaped,522.4,Close to,Close to,Close to,Close to
2021,9,Grammar and Punctuation,AUS,All,315551,572.7,1.8,76.6,87.7,0.5,31,6,1.6,7.4,87.2,3.5,0.3,89.1,281058,,14yrs 7mths,9yrs 4mths,10.7,15.7,25.8,25.7,14.7,5.9,439.4,512,636.1,692,Flat,573.7,Close to,Close to,Close to,Close to
2021,9,Numeracy,AUS,All,315543,587.5,1.7,64.2,94.7,0.3,33.1,3.6,1.6,8.5,86,3.6,0.3,87.9,277431,,14yrs 7mths,9yrs 4mths,3.7,13.8,29.8,29.4,14.9,6.8,486,534.8,638.8,698.6,Flat,590.3,Close to,Close to,Close to,Close to
2021,9,Reading,AUS,All,315566,576.8,1.6,71.4,89.7,0.4,30.5,4.1,1.6,6.9,87.8,3.5,0.2,89.6,282829,,14yrs 7mths,9yrs 4mths,8.7,15.1,26.4,27.3,15.6,5.3,452.7,519.4,636.8,688,Flat,580.2,Close to,Close to,Close to,Below
2021,9,Spelling,AUS,All,315551,579.7,1.4,68.7,91.1,0.4,33.6,3.7,1.6,7.4,86.9,3.5,0.5,89.1,281058,,14yrs 7mths,9yrs 4mths,7.3,14.7,26.8,28.6,15.8,5.1,462,523.9,636.9,687.3,Dome shaped,579.2,Close to,Close to,Close to,Close to
2021,9,Writing,AUS,All,315567,550.6,1.7,82.1,82.2,0.6,37.4,7.9,1.6,6.9,87.9,3.5,0.1,89.6,282849,,14yrs 7mths,9yrs 4mths,16.2,20,26.4,22.1,10.1,3.5,409.9,489.2,616.6,674.1,U-shaped,553.6,Close to,Close to,Close to,Close to
2022,3,Grammar and Punctuation,AUS,All,321337,433.2,1.3,93.4,94.1,0.2,,,1.7,3.6,91.9,2.8,0.1,93.7,300948,,8yrs 7mths,3yrs 4mths,4.2,7.8,13.6,20.3,21.7,30.7,276.4,354.6,510.6,587.8,Dome shaped,433,Close to,Close to,Significantly above,Above
2022,3,Numeracy,AUS,All,321325,399.8,1,74.8,95,0.2,,,1.6,4.3,91.4,2.6,0.1,93.1,299091,,8yrs 7mths,3yrs 4mths,3.4,11.2,22.3,27.3,19.5,14.6,280.9,336.4,461.6,528.6,Flat,406.3,Close to,Close to,Close to,Close to
2022,3,Reading,AUS,All,321350,437.8,1.3,92.3,95.5,0.2,,,1.7,2.6,92.9,2.7,0.1,94.7,304251,,8yrs 7mths,3yrs 4mths,2.8,8.4,13.2,20.1,21.4,32.4,286.1,358,515.7,591.9,Increasing,440.7,Close to,Close to,Significantly above,Above
2022,3,Spelling,AUS,All,321337,417.7,1.3,92.8,91.9,0.3,,,1.7,3.6,91.6,2.8,0.4,93.7,300948,,8yrs 7mths,3yrs 4mths,6.4,8.4,14.8,20.9,21.9,25.9,255.2,342,495.5,561.3,Increasing,422.6,Close to,Close to,Significantly above,Close to
2022,3,Writing,AUS,All,321297,422.1,0.9,64.5,96.2,0.2,,,1.7,4.8,90.3,2.8,0.4,92.4,296930,,8yrs 7mths,3yrs 4mths,2,5.2,12,29.1,32,17.9,302.7,375,474.6,517,Flat,421.1,Close to,Close to,Close to,Close to
2022,5,Grammar and Punctuation,AUS,All,320515,498.8,1,69.5,94.9,0.2,,,1.5,3.6,92.5,2.3,0.1,94,301390,,10yrs 7mths,5yrs 4mths,3.6,10.3,23.7,29.5,20.1,11.2,384.5,442,555.8,614.7,Flat,502.3,Close to,Close to,Close to,Above
2022,5,Numeracy,AUS,All,320507,488.3,1,65.6,95.1,0.2,,,1.5,4.4,91.8,2.3,0.1,93.3,299153,,10yrs 7mths,5yrs 4mths,3.5,13,28.1,29.1,16.9,8,383.8,433.7,542,600.4,Increasing,495.7,Below,Close to,Significantly above,Above
2022,5,Reading,AUS,All,320528,509.7,1,69.1,95,0.2,,,1.5,2.6,93.5,2.3,0.1,95.1,304798,,10yrs 7mths,5yrs 4mths,3.5,7.7,18.7,29.3,25.5,13.8,388.1,454.5,567.3,617.1,Increasing,513.1,Close to,Close to,Significantly above,Above
2022,5,Spelling,AUS,All,320515,504.5,1,73.5,94.1,0.2,,,1.5,3.6,92.3,2.3,0.2,94,301390,,10yrs 7mths,5yrs 4mths,4.4,9.3,20.3,27.7,23,13.8,378.5,445.3,566.1,620.2,Increasing,506.4,Close to,Close to,Significantly above,Above
2022,5,Writing,AUS,All,320533,484.3,1,70.6,92.6,0.3,,,1.5,3.3,92.8,2.4,0.1,94.4,302519,,10yrs 7mths,5yrs 4mths,5.9,12.3,25.7,29.9,17.4,7.4,365.6,430.2,541.6,595.3,U-shaped,483.2,Close to,Close to,Close to,Close to
2022,7,Grammar and Punctuation,AUS,All,321587,533.2,1.6,71.3,92,0.4,,,1.5,6.9,89,2.4,0.2,90.7,291580,,12yrs 7mths,7yrs 4mths,6.6,14.2,26.7,27.4,16,7.7,414.9,475.3,591.6,651,Flat,539.6,Close to,Close to,Close to,Close to
2022,7,Numeracy,AUS,All,321590,546.3,2,80,92,0.4,,,1.5,7.6,88.5,2.4,0.1,90.1,289625,,12yrs 7mths,7yrs 4mths,6.5,12.5,22.1,25.7,18.3,13.4,414.8,479.8,612.8,679.5,Flat,550.7,Close to,Close to,Close to,Below
2022,7,Reading,AUS,All,321596,542.6,1.5,65.7,94.2,0.3,,,1.5,5.1,91,2.3,0.1,92.6,297765,,12yrs 7mths,7yrs 4mths,4.3,11.1,25.5,30.7,19.2,7.8,430.7,489.5,597.5,648.8,Flat,544.4,Close to,Close to,Close to,Close to
2022,7,Spelling,AUS,All,321587,547.2,1.4,73.4,92.9,0.3,,,1.5,6.9,88.9,2.4,0.3,90.7,291580,,12yrs 7mths,7yrs 4mths,5.6,11,21.3,27.8,22.2,10.4,420.2,487.2,607.9,660.2,Increasing,548.9,Close to,Close to,Close to,Close to
2022,7,Writing,AUS,All,321605,529.8,1.6,75.6,90.6,0.4,,,1.5,5.8,90.3,2.4,0.1,91.9,295467,,12yrs 7mths,7yrs 4mths,7.9,14.6,25.7,26.4,16.6,7.3,403.9,471.1,592.1,648.2,U-shaped,528.6,Close to,Close to,Close to,Close to
2022,9,Grammar and Punctuation,AUS,All,320974,573.3,1.9,80.4,86.5,0.5,,,1.6,10.5,84,3.5,0.3,85.9,275821,,14yrs 7mths,9yrs 4mths,11.8,15.6,24.5,24.2,14.8,7.3,433.9,508.1,640.6,700.6,Flat,573.7,Close to,Close to,Close to,Close to
2022,9,Numeracy,AUS,All,320968,584.4,1.7,62.1,95,0.3,,,1.6,11,83.5,3.5,0.3,85.4,274157,,14yrs 7mths,9yrs 4mths,3.3,15.5,30.8,28.4,14.6,5.8,487.4,531.9,635.6,691.8,Flat,590.8,Close to,Close to,Close to,Close to
2022,9,Reading,AUS,All,320978,577.6,1.6,70.8,89.6,0.4,,,1.6,8.4,86.3,3.4,0.2,88.2,282985,,14yrs 7mths,9yrs 4mths,8.8,14.7,26,27.6,16,5.2,453,519.8,637.6,687.8,Flat,580.4,Close to,Close to,Close to,Below
2022,9,Spelling,AUS,All,320974,576.7,1.3,62.8,91.8,0.4,,,1.6,10.5,83.8,3.5,0.5,85.9,275821,,14yrs 7mths,9yrs 4mths,6.6,14.6,29.4,30.6,13.8,3.3,467,526.2,628.5,675.1,Dome shaped,578,Below,Close to,Close to,Close to
2022,9,Writing,AUS,All,320983,559.9,1.7,81.7,84.1,0.6,,,1.6,8.9,85.7,3.5,0.2,87.6,281196,,14yrs 7mths,9yrs 4mths,14.3,18.4,25.5,23.2,12.3,4.9,420,496.4,627,685.5,U-shaped,557.7,Close to,Close to,Close to,Close to
